nom_geographique,type_region,population_2021,population_2016,variation_population_2016_2021_pct,logements_prives_2021,logements_prives_2016,variation_logements_prives_2016_2021_pct,logements_occupes_2021,logements_occupes_2016,variation_logements_occupes_2016_2021_pct,superficie_km2_2021,densite_population_km2_2021,classement_national_population_2021,classement_nb_population_2021
Bouctouche,TV,2513,2361,6.4,1188,1179,0.8,1094,1071,2.1,18.33,137.1,1190,57
Buctouche 16,IRI,101,96,5.2,44,40,10.0,44,39,12.8,0.38,266.6,4248,256
Carleton,P,764,708,7.9,413,404,2.2,359,332,8.1,435.23,1.8,2416,183
Cocagne,RCR,2757,2649,4.1,1430,1418,0.8,1214,1160,4.7,69.23,39.8,1110,52
Dundas,P,4332,3914,10.7,2569,2529,1.6,1908,1690,12.9,172.32,25.1,810,35
Harcourt,P,346,346,0.0,237,274,-13.5,170,165,3.0,1169.2,0.3,3360,232
Huskisson,P,5,15,-66.7,8,11,-27.3,5,7,-28.6,369.31,0.0,4760,264
Indian Island 284,IRI,116,153,-24.2,46,63,-27.0,45,59,-23.7,0.4,288.8,4192,255
Rexton,VL,874,830,5.3,446,428,4.2,396,364,8.8,6.29,138.9,2276,172
Richibucto4,P,2085,1872,11.4,1162,1130,2.8,947,842,12.5,249.21,8.4,1349,72
Richibucto,TV,1411,1266,11.5,704,719,-2.1,649,613,5.9,11.9,118.6,1730,110
Richibucto 154,IRI,2062,1942,6.2,787,768,2.5,765,751,1.9,15.38,134.1,1357,73
Saint Mary,P,1991,1972,1.0,956,969,-1.3,868,842,3.1,238.32,8.4,1385,77
Saint-Antoine,VL,1791,1733,3.3,779,764,2.0,743,727,2.2,6.32,283.6,1486,86
Saint-Charles,P,2024,1997,1.4,1025,1083,-5.4,916,887,3.3,175.07,11.6,1372,75
Saint-Louis,P,1760,1802,-2.3,797,785,1.5,748,727,2.9,258.65,6.8,1505,88
Saint-Louis de Kent,VL,981,856,14.6,452,442,2.3,424,395,7.3,1.98,494.6,2131,153
Saint-Paul,P,877,842,4.2,383,399,-4.0,369,339,8.8,228.41,3.8,2269,171
Weldford4,P,1335,1333,0.2,720,742,-3.0,620,596,4.0,607.56,2.2,1785,116
Wellington,P,3292,3079,6.9,1747,1716,1.8,1455,1319,10.3,184.8,17.8,974,45
Kings,CT,71184,68941,3.3,30283,29570,2.4,28464,27027,5.3,3482.35,20.4,93,5
Cardwell,P,1401,1353,3.5,721,709,1.7,620,569,9.0,311.87,4.5,1740,112
Grand Bay-Westfield,TV,4967,4964,0.1,2031,2029,0.1,1965,1933,1.7,59.82,83.0,741,27
Greenwich,P,1126,1058,6.4,579,560,3.4,500,449,11.4,114.56,9.8,1971,137
Hammond,P,276,251,10.0,159,153,3.9,130,114,14.0,244.24,1.1,3596,246
Hampton,P,2969,2809,5.7,1216,1157,5.1,1165,1089,7.0,121.24,24.5,1054,49
Hampton,TV,4395,4289,2.5,1804,1709,5.6,1740,1639,6.2,20.97,209.6,801,34
Havelock,P,1042,1061,-1.8,522,550,-5.1,442,438,0.9,349.22,3.0,2059,147
Kars,P,377,325,16.0,291,352,-17.3,167,140,19.3,75.54,5.0,3255,228
Kingston,P,3202,2913,9.9,1631,1671,-2.4,1354,1227,10.4,200.41,16.0,998,48
Norton,P,1325,1301,1.8,550,536,2.6,529,512,3.3,144.77,9.2,1792,117
Norton,VL,1410,1382,2.0,578,567,1.9,547,525,4.2,75.35,18.7,1731,111
Quispamsis,TV,18768,18245,2.9,6985,6596,5.9,6855,6455,6.2,56.97,329.4,246,6
Rothesay,P,342,325,5.2,134,136,-1.5,128,119,7.6,7.26,47.1,3374,234
Rothesay,TV,11977,11659,2.7,5007,4816,4.0,4873,4636,5.1,34.59,346.2,360,11
Springfield,P,1641,1525,7.6,797,885,-9.9,653,630,3.7,248.53,6.6,1571,93
Studholm,P,3527,3522,0.1,1480,1481,-0.1,1386,1389,-0.2,448.98,7.9,928,42
Sussex,P,2579,2516,2.5,1094,1050,4.2,1052,996,5.6,243.99,10.6,1166,56
Sussex,TV,4440,4282,3.7,2219,2147,3.4,2065,1988,3.9,8.9,498.9,795,33
Sussex Corner,VL,1458,1461,-0.2,674,675,-0.1,653,650,0.5,9.32,156.4,1693,107
Upham,P,1357,1269,6.9,586,579,1.2,554,521,6.3,189.21,7.2,1769,114
Waterford,P,491,469,4.7,255,260,-1.9,208,197,5.6,221.27,2.2,2960,216
Westfield,P,2114,1962,7.7,970,952,1.9,878,811,8.3,295.34,7.2,1336,70
Madawaska,CT,32603,32741,-0.4,15851,15774,0.5,14905,14505,2.8,3454.97,9.4,171,7
Edmundston,C,16437,16580,-0.9,8117,8051,0.8,7707,7567,1.9,106.84,153.8,273,8
Haut-Madawaska4,RCR,3720,3714,0.2,1781,1795,-0.8,1658,1587,4.5,611.55,6.1,906,40
Lac Baker,VL,685,690,-0.7,459,505,-9.1,336,326,3.1,37.24,18.4,2554,197
Madawaska,P,0,10,-100.0,0,4,-100.0,0,4,-100.0,173.42,0.0,4831,266
Notre-Dame-de-Lourdes,P,253,275,-8.0,117,125,-6.4,110,112,-1.8,186.3,1.4,3666,249
Rivière-Verte,VL,744,724,2.8,373,358,4.2,359,338,6.2,6.91,107.7,2449,186
Rivière-Verte,P,657,711,-7.6,324,346,-6.4,309,308,0.3,715.72,0.9,2608,200
Saint-André4,RCR,1794,1901,-5.6,782,789,-0.9,756,761,-0.7,136.19,13.2,1483,85
Saint-Basile,P,736,592,24.3,342,270,26.7,324,245,32.2,129.96,5.7,2466,187
Saint-Jacques,P,1652,1596,3.5,755,748,0.9,713,696,2.4,298.44,5.5,1565,92
Saint-Joseph,P,1549,1538,0.7,723,715,1.1,674,656,2.7,321.42,4.8,1638,101
Saint-Léonard,P,858,975,-12.0,380,422,-10.0,362,398,-9.0,344.85,2.5,2294,174
Saint-Léonard,TV,1322,1300,1.7,625,603,3.6,567,553,2.5,5.34,247.8,1795,120
Sainte-Anne,P,936,964,-2.9,453,509,-11.0,435,443,-1.8,368.76,2.5,2200,160
Sainte-Anne-de-Madawaska,VL,891,957,-6.9,436,436,0.0,415,413,0.5,8.97,99.4,2254,168
St. Basile 10,IRI,369,214,72.4,184,98,87.8,180,98,83.7,3.07,120.4,3287,229
Northumberland,CT,45005,44952,0.1,21940,21792,0.7,19945,19362,3.0,12843.39,3.5,139,6
Alnwick,P,3615,3640,-0.7,1852,1882,-1.6,1620,1592,1.8,668.84,5.4,913,41
Big Hole Tract 8 (North Half)4,IRI,30,25,20.0,15,17,-11.8,15,15,0.0,12.72,2.4,4592,260
Big Hole Tract 8 (South Half)4,IRI,16,23,-30.4,16,16,0.0,8,12,-33.3,15.14,1.1,4686,262
Blackville,P,1996,2028,-1.6,970,974,-0.4,826,806,2.5,823.93,2.4,1382,76
Blackville,VL,914,958,-4.6,446,417,7.0,394,376,4.8,20.97,43.6,2229,164
Blissfield,P,491,451,8.9,256,268,-4.5,224,212,5.7,1235.57,0.4,2960,216
Chatham,P,527,511,3.1,269,262,2.7,233,211,10.4,22.7,23.2,2878,212
Derby,P,938,976,-3.9,450,466,-3.4,415,422,-1.7,61.0,15.4,2195,159
Doaktown,VL,808,792,2.0,430,425,1.2,391,368,6.3,29.09,27.8,2357,179
Eel Ground 2,IRI,545,532,2.4,235,234,0.4,231,219,5.5,10.9,50.0,2831,210
Esgenoôpetitj 14,IRI,1223,1179,3.7,472,401,17.7,456,381,19.7,9.55,128.0,1876,127
Glenelg,P,1532,1560,-1.8,729,742,-1.8,655,649,0.9,504.78,3.0,1645,102
Hardwicke,P,2203,2201,0.1,1181,1217,-3.0,1010,980,3.1,275.95,8.0,1300,66
Miramichi,C,17692,17537,0.9,8484,8248,2.9,7990,7704,3.7,178.98,98.8,262,7
Neguac,VL,1692,1684,0.5,781,783,-0.3,721,712,1.3,26.72,63.3,1542,89
Nelson4,P,929,952,-2.4,433,428,1.2,395,387,2.1,353.68,2.6,2208,162
Newcastle,P,1149,1136,1.1,529,522,1.3,481,467,3.0,578.7,2.0,1948,136
Northesk,P,2169,2263,-4.2,1069,1068,0.1,970,966,0.4,3346.76,0.6,1314,68
Red Bank 4,IRI,400,309,29.4,196,179,9.5,188,175,7.4,16.09,24.9,3178,225
Renous 124,IRI,10,5,100.0,3,3,0.0,3,3,0.0,0.16,63.9,4722,263
Rogersville,P,1072,1102,-2.7,538,543,-0.9,490,488,0.4,326.27,3.3,2028,143
Rogersville,VL,1193,1166,2.3,576,565,1.9,544,526,3.4,7.19,165.9,1906,132
Southesk,P,1666,1694,-1.7,813,834,-2.5,720,710,1.4,2462.6,0.7,1559,91
Tabusintac 9,IRI,20,10,100.0,10,7,42.9,7,6,16.7,22.11,0.9,4658,261
Upper Miramichi,RCR,2175,2218,-1.9,1187,1291,-8.1,958,975,-1.7,1832.97,1.2,1312,67
Queens,CT,10998,10472,5.0,6854,7289,-6.0,5133,4877,5.2,3681.05,3.0,266,15
Brunswick,P,224,203,10.3,193,159,21.4,111,88,26.1,703.2,0.3,3773,250
Cambridge,P,684,647,5.7,478,617,-22.5,287,260,10.4,113.17,6.0,2556,198
Cambridge-Narrows,VL,715,562,27.2,629,659,-4.6,345,286,20.6,106.79,6.7,2494,193
Canning,P,1028,924,11.3,850,755,12.6,511,447,14.3,173.25,5.9,2079,148
Chipman,P,853,913,-6.6,504,541,-6.8,421,430,-2.1,483.45,1.8,2302,175
Chipman,VL,1201,1104,8.8,647,638,1.4,605,573,5.6,19.0,63.2,1894,129
Gagetown,P,324,311,4.2,149,155,-3.9,144,138,4.3,234.58,1.4,3435,236
Gagetown,VL,787,711,10.7,341,339,0.6,315,300,5.0,49.32,16.0,2387,181
Hampstead,P,288,277,4.0,167,185,-9.7,130,123,5.7,212.39,1.4,3550,243
Johnston,P,638,560,13.9,384,392,-2.0,294,262,12.2,360.87,1.8,2648,202
Minto,VL,2234,2305,-3.1,1145,1170,-2.1,1043,1082,-3.6,31.36,71.2,1289,63
Petersville,P,710,681,4.3,323,325,-0.6,305,294,3.7,589.95,1.2,2502,194
Waterborough,P,903,847,6.6,661,885,-25.3,419,406,3.2,443.16,2.0,2242,167
Wickham,P,409,427,-4.2,383,469,-18.3,203,188,8.0,160.54,2.5,3154,223
Restigouche,CT,30700,30955,-0.8,15288,15259,0.2,14165,13993,1.2,8566.82,3.6,180,10
Addington,P,698,656,6.4,354,333,6.3,326,310,5.2,933.0,0.7,2530,196
Atholville,VL,3290,3570,-7.8,1550,1584,-2.1,1490,1539,-3.2,119.58,27.5,975,46
Balmoral,P,309,278,11.2,131,120,9.2,121,114,6.1,1088.01,0.3,3483,241
Balmoral,VL,1603,1674,-4.2,713,720,-1.0,687,698,-1.6,43.33,37.0,1595,94
Belledune,VL,1325,1417,-6.5,782,883,-11.4,688,701,-1.9,189.18,7.0,1792,117
Campbellton,C,7047,6883,2.4,3531,3443,2.6,3254,3120,4.3,18.57,379.5,582,16
Charlo,VL,1323,1310,1.0,724,719,0.7,632,624,1.3,31.45,42.1,1794,119
Colborne,P,266,227,17.2,162,144,12.5,135,121,11.6,753.38,0.4,3624,248
Dalhousie,P,1090,1067,2.2,551,531,3.8,497,483,2.9,62.62,17.4,2008,139
Dalhousie,TV,3223,3126,3.1,1678,1696,-1.1,1523,1515,0.5,15.12,213.1,993,47
Durham,P,950,1076,-11.7,563,592,-4.9,499,524,-4.8,409.78,2.3,2179,157
Eel River 3,IRI,342,329,4.0,157,146,7.5,149,143,4.2,1.45,235.9,3374,234
Eel River Crossing,VL,1844,1953,-5.6,887,893,-0.7,839,850,-1.3,65.26,28.3,1446,84
Eldon5,P,674,672,0.3,369,367,0.5,335,337,-0.6,1688.58,0.4,2577,199
Indian Ranch,IRI,134,89,50.6,49,37,32.4,49,35,40.0,0.58,232.2,4120,253
Kedgwick5,RCR,1986,1964,1.1,951,949,0.2,913,880,3.8,649.36,3.1,1388,78
Saint-Quentin,P,1504,1532,-1.8,688,696,-1.1,633,629,0.6,2474.01,0.6,1662,103
Saint-Quentin,TV,2141,2194,-2.4,1015,989,2.6,976,965,1.1,4.24,504.7,1324,69
Tide Head,VL,951,938,1.4,433,417,3.8,419,405,3.5,19.34,49.2,2177,156
Saint John,CT,76558,74020,3.4,36964,36825,0.4,34634,32852,5.4,1461.05,52.4,87,4
Musquash,P,1253,1194,4.9,594,600,-1.0,531,508,4.5,233.06,5.4,1843,125
Saint John,C,69895,67575,3.4,33908,33801,0.3,31825,30208,5.4,315.59,221.5,84,2
Saint Martins,P,1177,1132,4.0,597,609,-2.0,533,480,11.0,629.0,1.9,1924,133
Simonds,P,3913,3843,1.8,1671,1617,3.3,1588,1516,4.7,281.06,13.9,875,39
St. Martins,VL,320,276,15.9,194,198,-2.0,157,140,12.1,2.35,136.1,3442,237
Sunbury,CT,27864,27644,0.8,11903,11853,0.4,11310,10898,3.8,2692.97,10.3,187,11
Blissville,P,777,819,-5.1,369,378,-2.4,337,349,-3.4,341.74,2.3,2400,182
Burton,P,5176,5119,1.1,2074,2020,2.7,2002,1962,2.0,258.39,20.0,714,23
Fredericton Junction,VL,719,704,2.1,304,298,2.0,292,282,3.5,23.85,30.1,2488,190
Gladstone,P,486,452,7.5,227,239,-5.0,204,192,6.3,362.08,1.3,2978,218
Lincoln,P,7519,7177,4.8,3152,3019,4.4,3088,2936,5.2,159.44,47.2,544,15
Maugerville,P,1772,1831,-3.2,726,765,-5.1,711,731,-2.7,919.94,1.9,1495,87
Northfield,P,577,620,-6.9,286,327,-12.5,262,283,-7.4,303.27,1.9,2762,206
Oromocto,TV,9045,9223,-1.9,3897,3900,-0.1,3663,3459,5.9,22.36,404.5,462,13
Oromocto 26,IRI,295,282,4.6,111,103,7.8,108,100,8.0,1.18,249.6,3525,242
Sheffield,P,888,809,9.8,499,542,-7.9,392,357,9.8,271.29,3.3,2261,169
Tracy,VL,610,608,0.3,258,262,-1.5,251,247,1.6,29.44,20.7,2697,204
Victoria,CT,18312,18617,-1.6,9054,9178,-1.4,8249,8159,1.1,5492.85,3.3,234,14
Andover,P,879,891,-1.3,387,407,-4.9,364,367,-0.8,123.42,7.1,2268,170
Aroostook,VL,313,306,2.3,163,165,-1.2,148,143,3.5,2.23,140.2,3465,239
Denmark,P,1424,1471,-3.2,677,733,-7.6,621,632,-1.7,751.08,1.9,1717,109
Drummond,P,2095,2157,-2.9,899,938,-4.2,867,845,2.6,1013.66,2.1,1340,71
Drummond,VL,729,737,-1.1,350,350,0.0,335,325,3.1,8.88,82.1,2473,189
Gordon,P,1559,1493,4.4,776,786,-1.3,694,664,4.5,1430.19,1.1,1630,100
Grand Falls,P,1077,1109,-2.9,488,506,-3.6,451,461,-2.2,158.09,6.8,2020,142
Grand Falls / Grand-Sault,TV,5220,5326,-2.0,2639,2622,0.6,2495,2467,1.1,18.04,289.3,709,22
Lorne,P,313,464,-32.5,337,407,-17.2,172,227,-24.2,1632.21,0.2,3465,239
Perth,P,1047,1082,-3.2,560,575,-2.6,473,463,2.2,318.1,3.3,2056,146
Perth-Andover,VL,1574,1590,-1.0,785,769,2.1,744,717,3.8,8.96,175.6,1619,98
Plaster Rock,VL,1002,1023,-2.1,515,531,-2.1,476,473,0.6,3.01,332.9,2107,150
Tobique 20,IRI,1080,968,11.6,478,389,22.9,409,375,9.1,24.98,43.2,2016,141
Westmorland,CT,163576,149623,9.3,75506,71839,5.1,70090,64038,9.5,3659.74,44.7,39,1
Beaubassin East / Beaubassin-est,RCR,6718,6376,5.4,3368,3388,-0.6,2855,2679,6.6,291.02,23.1,600,17
Botsford,P,1120,1058,5.9,978,1045,-6.4,546,491,11.2,304.62,3.7,1979,138
Cap-Pelé,VL,2441,2425,0.7,1144,1078,6.1,1011,951,6.3,22.96,106.3,1215,59
Dieppe,C,28114,25384,10.8,11993,10829,10.7,11570,10288,12.5,77.02,365.0,167,4
Dorchester,P,438,429,2.1,207,215,-3.7,196,188,4.3,90.13,4.9,3083,220
Dorchester,VL,906,1096,-17.3,221,235,-6.0,207,199,4.0,5.71,158.7,2236,166
Fort Folly 1,IRI,36,40,-10.0,22,22,0.0,21,21,0.0,0.55,65.2,4574,259
Memramcook,VL,5029,4778,5.3,2147,2119,1.3,2081,1979,5.2,186.64,26.9,733,26
Moncton,P,10704,9811,9.1,4291,4036,6.3,4190,3878,8.0,564.16,19.0,406,12
Moncton,C,79470,71889,10.5,37318,35380,5.5,35118,32135,9.3,140.67,564.9,74,1
Petitcodiac,VL,1476,1383,6.7,630,619,1.8,609,573,6.3,17.18,85.9,1678,105
Port Elgin,VL,381,408,-6.6,170,196,-13.3,161,169,-4.7,2.65,144.0,3242,227
Sackville,P,1204,1182,1.9,549,553,-0.7,497,495,0.4,578.9,2.1,1889,128
Sackville,TV,6099,5331,14.4,3047,3010,1.2,2689,2313,16.3,73.91,82.5,642,19
Salisbury,P,3377,3388,-0.3,1432,1430,0.1,1353,1340,1.0,874.0,3.9,954,43
Salisbury,VL,2387,2284,4.5,996,974,2.3,972,928,4.7,13.56,176.1,1233,60
Shediac,P,5144,4789,7.4,2976,2973,0.1,2302,2103,9.5,178.79,28.8,716,24
Shediac,TV,7535,6664,13.1,3447,3141,9.7,3293,2895,13.7,64.0,117.7,542,14
Westmorland,P,997,908,9.8,570,596,-4.4,419,413,1.5,173.27,5.8,2112,151
York,CT,105261,99453,5.8,48294,46870,3.0,45259,42024,7.7,8095.1,13.0,61,2
Bright,P,3317,3289,0.9,1477,1440,2.6,1348,1292,4.3,403.73,8.2,971,44
Canterbury,P,552,525,5.1,419,456,-8.1,248,223,11.2,550.7,1.0,2808,208
Canterbury,VL,320,336,-4.8,142,152,-6.6,135,131,3.1,5.32,60.2,3442,237
Devon 30,IRI,1070,1038,3.1,365,323,13.0,355,318,11.6,2.72,393.4,2031,144
Douglas4,P,5935,5703,4.1,2357,2368,-0.5,2270,2195,3.4,1443.31,4.1,657,20
Dumfries,P,420,356,18.0,304,334,-9.0,208,171,21.6,298.51,1.4,3113,222
Fredericton5,C,63116,58721,7.5,29892,28632,4.4,28478,26147,8.9,133.93,471.3,90,3
Hanwell5,RCR,4743,4700,0.9,1887,1833,2.9,1799,1720,4.6,152.06,31.2,766,31
Harvey,VL,402,358,12.3,176,158,11.4,171,150,14.0,2.46,163.5,3172,224
Kingsclear,P,2839,2822,0.6,1104,1069,3.3,1086,1043,4.1,150.11,18.9,1088,50
Kingsclear 6,IRI,518,493,5.1,209,186,12.4,195,185,5.4,3.79,136.6,2894,213
Manners Sutton,P,1920,1777,8.0,1067,1123,-5.0,861,762,13.0,524.75,3.7,1416,82
McAdam,VL,1173,1151,1.9,600,618,-2.9,534,520,2.7,14.19,82.7,1928,134
McAdam,P,61,73,-16.4,45,63,-28.6,32,34,-5.9,534.77,0.1,4451,258
Meductic3,VL,180,215,-16.3,93,93,0.0,83,83,0.0,6.26,28.7,3931,251
Millville,VL,274,273,0.4,145,152,-4.6,135,122,10.7,12.14,22.6,3600,247
Nackawic,TV,962,941,2.2,451,455,-0.9,428,419,2.1,7.68,125.2,2158,155
New Maryland,P,2806,2606,7.7,1057,998,5.9,1042,975,6.9,375.02,7.5,1096,51
New Maryland,VL,4153,4174,-0.5,1550,1513,2.4,1529,1499,2.0,21.25,195.4,833,38
North Lake,P,282,233,21.0,383,387,-1.0,160,116,37.9,439.6,0.6,3568,244
Prince William,P,1083,930,16.5,648,672,-3.6,479,412,16.3,284.39,3.8,2015,140
Queensbury,P,1237,1174,5.4,579,587,-1.4,536,514,4.3,294.35,4.2,1862,126
Saint Marys,P,5084,4837,5.1,2030,1944,4.4,1954,1866,4.7,751.9,6.8,721,25
Southampton,P,1497,1484,0.9,699,719,-2.8,641,624,2.7,446.85,3.4,1665,104
Stanley,P,920,832,10.6,433,413,4.8,388,343,13.1,1218.38,0.8,2220,163
Stanley,VL,397,412,-3.6,182,182,0.0,164,160,2.5,16.93,23.5,3189,226
